{
	"HUB_AssetBudget" : ["HUB_ODS_D365_AssetBudget_INCR"],
	"HUB_AssetGroup" : ["HUB_ODS_D365_AssetGroup_INCR"],
	"HUB_AssetTable" : ["HUB_ODS_D365_AssetTable_INCR"],
	"HUB_AssetTransaction" : ["HUB_ODS_D365_AssetTransaction_INCR"],
	"HUB_BudgetTransactionHeader" : ["HUB_ODS_D365_BudgetTransactionHeader_INCR"],
	"HUB_BudgetTransactionLine" : ["HUB_ODS_D365_BudgetTransactionLine_INCR"],
	"HUB_ContactPerson" : ["HUB_ODS_D365_ContactPerson_INCR"],
	"HUB_CustomerInvoiceHeader" : ["HUB_ODS_D365_CustomerInvoiceHeader_INCR"],
	"HUB_CustomerInvoiceLine" : ["HUB_ODS_D365_CustomerInvoiceLine_INCR"],
	"HUB_Customer" : ["HUB_ODS_D365_Customer_INCR"],
	"HUB_FinancialDimensionValue" : ["HUB_ODS_D365_FinancialDimensionValue_INCR"],
	"HUB_FinancialDimension" : ["HUB_ODS_D365_FinancialDimension_INCR"],
	"HUB_FinancialDimensionFiscalTransactionLink" : ["HUB_ODS_D365_FinancialDimensionFiscalTransactionLink_INCR"],
	"HUB_FinancialDimensionFiscalGroup" : ["HUB_ODS_D365_FinancialDimensionFiscalGroup_INCR"],
	"HUB_FinancialDimensionLink" : ["HUB_ODS_D365_FinancialDimensionLink_INCR"],
	"HUB_FinancialDimensionDescription" : ["HUB_ODS_D365_FinancialDimensionDescription_INCR"],
	"HUB_Party" : ["HUB_ODS_D365_Party_INCR"],
	"HUB_FiscalPeriod" : ["HUB_ODS_D365_FiscalPeriod_INCR"],
	"HUB_FiscalCalendar" : ["HUB_ODS_D365_FiscalCalendar_INCR"],
	"HUB_FiscalYear" : ["HUB_ODS_D365_FiscalYear_INCR"],
	"HUB_GLTransactionLine" : ["HUB_ODS_D365_GLTransactionLine_INCR"],
	"HUB_GLTransactionHeader" : ["HUB_ODS_D365_GLTransactionHeader_INCR"],
	"HUB_ChartOfAccounts" : ["HUB_ODS_D365_ChartOfAccounts_INCR"],
	"HUB_PartyLocationDetail" : ["HUB_ODS_D365_PartyLocationDetail_INCR"],
	"HUB_GLMainAccountCategory" : ["HUB_ODS_D365_GLMainAccountCategory_INCR"],
	"HUB_GLMainAccount" : ["HUB_ODS_D365_GLMainAccount_INCR"],
	"HUB_PurchaseOrderLine" : ["HUB_ODS_D365_PurchaseOrderLine_INCR"],
	"HUB_PurchaseRequisitionLine" : ["HUB_ODS_D365_PurchaseRequisitionLine_INCR"],
	"HUB_PurchaseRequisitionHeader" : ["HUB_ODS_D365_PurchaseRequisitionHeader_INCR"],
	"HUB_PurchaseRequestForQuoteLine" : ["HUB_ODS_D365_PurchaseRequestForQuoteLine_INCR"],
	"HUB_PurchaseRequestForQuoteHeader" : ["HUB_ODS_D365_PurchaseRequestForQuoteHeader_INCR"],
	"HUB_PurchaseOrderHeader" : ["HUB_ODS_D365_PurchaseOrderHeader_INCR"],
	"HUB_SourceDocumentLink" : ["HUB_ODS_D365_SourceDocumentLink_INCR"],
	"HUB_VendorInvoiceHeader" : ["HUB_ODS_D365_VendorInvoiceHeader_INCR"],
	"HUB_VendorInvoiceLine" : ["HUB_ODS_D365_VendorInvoiceLine_INCR"],
	"HUB_VendorPackingSlipHeader" : ["HUB_ODS_D365_VendorPackingSlipHeader_INCR"],
	"HUB_VendorPackingSlipLine" : ["HUB_ODS_D365_VendorPackingSlipLine_INCR"],
	"HUB_VendorSettlement" : ["HUB_ODS_D365_VendorSettlement_INCR"],
	"HUB_Vendor" : ["HUB_ODS_D365_Vendor_INCR"],
	"HUB_VendorTransaction" : ["HUB_ODS_D365_VendorTransaction_INCR"],
	"HUB_WorkFlow" : ["HUB_ODS_D365_WorkFlow_INCR"],
	"HUB_WorkFlowInstance" : ["HUB_ODS_D365_WorkFlowInstance_INCR"],
	"HUB_WorkFlowInstanceAction" : ["HUB_ODS_D365_WorkFlowInstanceAction_INCR"],
	"HUB_GLLedger" : ["HUB_ODS_D365_GLLedger_INCR"],
	"SAT_ODS_D365_AssetBudget" : ["SAT_ODS_D365_AssetBudget_INCR"],
	"SAT_ODS_D365_AssetGroup" : ["SAT_ODS_D365_AssetGroup_INCR"],
	"SAT_ODS_D365_AssetTable" : ["SAT_ODS_D365_AssetTable_INCR"],
	"SAT_ODS_D365_AssetTransaction" : ["SAT_ODS_D365_AssetTransaction_INCR"],
	"SAT_ODS_D365_BudgetTransactionHeader" : ["SAT_ODS_D365_BudgetTransactionHeader_INCR"],
	"SAT_ODS_D365_BudgetTransactionLine" : ["SAT_ODS_D365_BudgetTransactionLine_INCR"],
	"SAT_ODS_D365_ContactPerson" : ["SAT_ODS_D365_ContactPerson_INCR"],
	"SAT_ODS_D365_CustomerInvoiceHeader" : ["SAT_ODS_D365_CustomerInvoiceHeader_INCR"],
	"SAT_ODS_D365_CustomerInvoiceLine" : ["SAT_ODS_D365_CustomerInvoiceLine_INCR"],
	"SAT_ODS_D365_Customer" : ["SAT_ODS_D365_Customer_INCR"],
	"SAT_ODS_D365_FinancialDimensionValue" : ["SAT_ODS_D365_FinancialDimensionValue_INCR"],
	"SAT_ODS_D365_FinancialDimension" : ["SAT_ODS_D365_FinancialDimension_INCR"],
	"SAT_ODS_D365_FinancialDimensionFiscalTransactionLink" : ["SAT_ODS_D365_FinancialDimensionFiscalTransactionLink_INCR"],
	"SAT_ODS_D365_FinancialDimensionFiscalGroup" : ["SAT_ODS_D365_FinancialDimensionFiscalGroup_INCR"],
	"SAT_ODS_D365_FinancialDimensionLink" : ["SAT_ODS_D365_FinancialDimensionLink_INCR"],
	"SAT_ODS_D365_FinancialDimensionDescription" : ["SAT_ODS_D365_FinancialDimensionDescription_INCR"],
	"SAT_ODS_D365_Party" : ["SAT_ODS_D365_Party_INCR"],
	"SAT_ODS_D365_FiscalPeriod" : ["SAT_ODS_D365_FiscalPeriod_INCR"],
	"SAT_ODS_D365_FiscalCalendar" : ["SAT_ODS_D365_FiscalCalendar_INCR"],
	"SAT_ODS_D365_FiscalYear" : ["SAT_ODS_D365_FiscalYear_INCR"],
	"SAT_ODS_D365_GLTransactionLine" : ["SAT_ODS_D365_GLTransactionLine_INCR"],
	"SAT_ODS_D365_GLTransactionHeader" : ["SAT_ODS_D365_GLTransactionHeader_INCR"],
	"SAT_ODS_D365_ChartOfAccounts" : ["SAT_ODS_D365_ChartOfAccounts_INCR"],
	"SAT_ODS_D365_PartyElectronicAddress" : ["SAT_ODS_D365_PartyElectronicAddress_INCR"],
	"SAT_ODS_D365_PartyPostalAddress" : ["SAT_ODS_D365_PartyPostalAddress_INCR"],
	"SAT_ODS_D365_PartyLocationDetail" : ["SAT_ODS_D365_PartyLocationDetail_INCR"],
	"SAT_ODS_D365_GLMainAccountCategory" : ["SAT_ODS_D365_GLMainAccountCategory_INCR"],
	"SAT_ODS_D365_GLMainAccount" : ["SAT_ODS_D365_GLMainAccount_INCR"],
	"SAT_ODS_D365_PurchaseOrderLine" : ["SAT_ODS_D365_PurchaseOrderLine_INCR"],
	"SAT_ODS_D365_PurchaseRequisitionLine" : ["SAT_ODS_D365_PurchaseRequisitionLine_INCR"],
	"SAT_ODS_D365_PurchaseRequisitionHeader" : ["SAT_ODS_D365_PurchaseRequisitionHeader_INCR"],
	"SAT_ODS_D365_PurchaseRequestForQuoteLine" : ["SAT_ODS_D365_PurchaseRequestForQuoteLine_INCR"],
	"SAT_ODS_D365_PurchaseRequestForQuoteHeader" : ["SAT_ODS_D365_PurchaseRequestForQuoteHeader_INCR"],
	"SAT_ODS_D365_PurchaseOrderHeader" : ["SAT_ODS_D365_PurchaseOrderHeader_INCR"],
	"SAT_ODS_D365_SourceDocumentLink" : ["SAT_ODS_D365_SourceDocumentLink_INCR"],
	"SAT_ODS_D365_VendorInvoiceHeader" : ["SAT_ODS_D365_VendorInvoiceHeader_INCR"],
	"SAT_ODS_D365_VendorInvoiceLine" : ["SAT_ODS_D365_VendorInvoiceLine_INCR"],
	"SAT_ODS_D365_VendorPackingSlipHeader" : ["SAT_ODS_D365_VendorPackingSlipHeader_INCR"],
	"SAT_ODS_D365_VendorPackingSlipLine" : ["SAT_ODS_D365_VendorPackingSlipLine_INCR"],
	"SAT_ODS_D365_VendorSettlement" : ["SAT_ODS_D365_VendorSettlement_INCR"],
	"SAT_ODS_D365_Vendor" : ["SAT_ODS_D365_Vendor_INCR"],
	"SAT_ODS_D365_VendorTransaction" : ["SAT_ODS_D365_VendorTransaction_INCR"],
	"SAT_ODS_D365_WorkFlow" : ["SAT_ODS_D365_WorkFlow_INCR"],
	"SAT_ODS_D365_WorkFlowInstance" : ["SAT_ODS_D365_WorkFlowInstance_INCR"],
	"SAT_ODS_D365_WorkFlowInstanceActionComment" : ["SAT_ODS_D365_WorkFlowInstanceActionComment_INCR"],
	"SAT_ODS_D365_WorkFlowInstanceAction" : ["SAT_ODS_D365_WorkFlowInstanceAction_INCR"],
	"SAT_ODS_D365_GLLedger" : ["SAT_ODS_D365_GLLedger_INCR"],
	"LINK_GLLedger_ChartOfAccounts" : ["LNK_ODS_D365_GLLedger_ChartOfAccounts_INCR"],
	"LINK_GLLedger_FiscalCalendar" : ["LNK_ODS_D365_GLLedger_FiscalCalendar_INCR"],
	"LINK_WorkFlowInstanceAction_WorkFlowInstance" : ["LNK_ODS_D365_WorkFlowInstanceAction_WorkFlowInstance_INCR"],
	"LINK_WorkFlowInstance_WorkFlow" : ["LNK_ODS_D365_WorkFlowInstance_WorkFlow_INCR"],
	"LINK_WorkFlowInstance_SourceDocumentLink" : ["LNK_ODS_D365_WorkFlowInstance_SourceDocumentLink_INCR"],
	"LINK_VendorTransaction_Vendor" : ["LNK_ODS_D365_VendorTransaction_Vendor_INCR"],
	"LINK_VendorTransaction_FinancialDimensionLink" : ["LNK_ODS_D365_VendorTransaction_FinancialDimensionLink_INCR"],
	"LINK_Vendor_Party" : ["LNK_ODS_D365_Vendor_Party_INCR"],
	"LINK_VendorSettlement_VendorTransaction" : ["LNK_ODS_D365_VendorSettlement_VendorTransaction_INCR"],
	"LINK_VendorPackingSlipLine_VendorPackingSlipHeader" : ["LNK_ODS_D365_VendorPackingSlipLine_VendorPackingSlipHeader_INCR"],
	"LINK_VendorPackingSlipLine_FinancialDimensionLink" : ["LNK_ODS_D365_VendorPackingSlipLine_FinancialDimensionLink_INCR"],
	"LINK_VendorPackingSlipHeader_PurchaseOrderHeader" : ["LNK_ODS_D365_VendorPackingSlipHeader_PurchaseOrderHeader_INCR"],
	"LINK_VendorPackingSlipHeader_Vendor" : ["LNK_ODS_D365_VendorPackingSlipHeader_Vendor_INCR"],
	"LINK_VendorInvoiceLine_VendorInvoiceHeader" : ["LNK_ODS_D365_VendorInvoiceLine_VendorInvoiceHeader_INCR"],
	"LINK_VendorInvoiceLine_FinancialDimensionLink" : ["LNK_ODS_D365_VendorInvoiceLine_FinancialDimensionLink_INCR"],
	"LINK_VendorInvoiceHeader_PurchaseOrderHeader" : ["LNK_ODS_D365_VendorInvoiceHeader_PurchaseOrderHeader_INCR"],
	"LINK_VendorInvoiceHeader_Vendor" : ["LNK_ODS_D365_VendorInvoiceHeader_Vendor_INCR"],
	"LINK_PurchaseOrderHeader_Vendor" : ["LNK_ODS_D365_PurchaseOrderHeader_Vendor_INCR"],
	"LINK_PurchaseOrderHeader_FinancialDimensionLink" : ["LNK_ODS_D365_PurchaseOrderHeader_FinancialDimensionLink_INCR"],
	"LINK_PurchaseOrderHeader_SourceDocumentLink" : ["LNK_ODS_D365_PurchaseOrderHeader_SourceDocumentLink_INCR"],
	"LINK_PurchaseRequestForQuoteHeader_PurchaseOrderHeader" : ["LNK_ODS_D365_PurchaseRequestForQuoteHeader_PurchaseOrderHeader_INCR"],
	"LINK_PurchaseRequestForQuoteHeader_Vendor" : ["LNK_ODS_D365_PurchaseRequestForQuoteHeader_Vendor_INCR"],
	"LINK_PurchaseRequestForQuoteLine_PurchaseRequestForQuoteHeader" : ["LNK_ODS_D365_PurchaseRequestForQuoteLine_PurchaseRequestForQuoteHeader_INCR"],
	"LINK_PurchaseRequestForQuoteLine_FinancialDimensionLink" : ["LNK_ODS_D365_PurchaseRequestForQuoteLine_FinancialDimensionLink_INCR"],
	"LINK_PurchaseRequisitionLine_PurchaseOrderHeader" : ["LNK_ODS_D365_PurchaseRequisitionLine_PurchaseOrderHeader_INCR"],
	"LINK_PurchaseRequisitionLine_FinancialDimensionLink" : ["LNK_ODS_D365_PurchaseRequisitionLine_FinancialDimensionLink_INCR"],
	"LINK_PurchaseRequisitionLine_PurchaseRequisitionHeader" : ["LNK_ODS_D365_PurchaseRequisitionLine_PurchaseRequisitionHeader_INCR"],
	"LINK_PurchaseOrderLine_AssetGroup" : ["LNK_ODS_D365_PurchaseOrderLine_AssetGroup_INCR"],
	"LINK_PurchaseOrderLine_PurchaseOrderHeader" : ["LNK_ODS_D365_PurchaseOrderLine_PurchaseOrderHeader_INCR"],
	"LINK_GLMainAccount_GLMainAccountCategory" : ["LNK_ODS_D365_GLMainAccount_GLMainAccountCategory_INCR"],
	"LINK_GLMainAccount_ChartOfAccounts" : ["LNK_ODS_D365_GLMainAccount_ChartOfAccounts_INCR"],
	"LINK_GLTransactionHeader_FiscalYear" : ["LNK_ODS_D365_GLTransactionHeader_FiscalYear_INCR"],
	"LINK_GLTransactionHeader_FiscalPeriod" : ["LNK_ODS_D365_GLTransactionHeader_FiscalPeriod_INCR"],
	"LINK_GLTransactionLine_FinancialDimensionFiscalTransactionLink" : ["LNK_ODS_D365_GLTransactionLine_FinancialDimensionFiscalTransactionLink_INCR"],
	"LINK_GLTransactionLine_GLMainAccount" : ["LNK_ODS_D365_GLTransactionLine_GLMainAccount_INCR"],
	"LINK_GLTransactionLine_GLTransactionHeader" : ["LNK_ODS_D365_GLTransactionLine_GLTransactionHeader_INCR"],
	"LINK_FiscalYear_FiscalCalendar" : ["LNK_ODS_D365_FiscalYear_FiscalCalendar_INCR"],
	"LINK_FiscalPeriod_FiscalCalendar" : ["LNK_ODS_D365_FiscalPeriod_FiscalCalendar_INCR"],
	"LINK_FinancialDimensionFiscalTransactionLink_GLMainAccount" : ["LNK_ODS_D365_FinancialDimensionFiscalTransactionLink_GLMainAccount_INCR"],
	"LINK_FinancialDimensionValue_Party" : ["LNK_ODS_D365_FinancialDimensionValue_Party_INCR"],
	"LINK_FinancialDimensionValue_FinancialDimension" : ["LNK_ODS_D365_FinancialDimensionValue_FinancialDimension_INCR"],
	"LINK_Customer_FinancialDimensionLink" : ["LNK_ODS_D365_Customer_FinancialDimensionLink_INCR"],
	"LINK_Customer_Party" : ["LNK_ODS_D365_Customer_Party_INCR"],
	"LINK_CustomerInvoiceLine_CustomerInvoiceHeader" : ["LNK_ODS_D365_CustomerInvoiceLine_CustomerInvoiceHeader_INCR"],
	"LINK_CustomerInvoiceLine_FinancialDimensionLink" : ["LNK_ODS_D365_CustomerInvoiceLine_FinancialDimensionLink_INCR"],
	"LINK_CustomerInvoiceHeader_Customer" : ["LNK_ODS_D365_CustomerInvoiceHeader_Customer_INCR"],
	"LINK_ContactPerson_Party" : ["LNK_ODS_D365_ContactPerson_Party_INCR"],
	"LINK_BudgetTransactionLine_FinancialDimensionFiscalTransactionLink" : ["LNK_ODS_D365_BudgetTransactionLine_FinancialDimensionFiscalTransactionLink_INCR"],
	"LINK_BudgetTransactionLine_AssetBudget" : ["LNK_ODS_D365_BudgetTransactionLine_AssetBudget_INCR"],
	"LINK_BudgetTransactionLine_GLTransactionHeader" : ["LNK_ODS_D365_BudgetTransactionLine_GLTransactionHeader_INCR"],
	"LINK_BudgetTransactionLine_BudgetTransactionHeader" : ["LNK_ODS_D365_BudgetTransactionLine_BudgetTransactionHeader_INCR"],
	"LINK_BudgetTransactionHeader_GLLedger" : ["LNK_ODS_D365_BudgetTransactionHeader_GLLedger_INCR"],
	"LINK_AssetTransaction_AssetTable" : ["LNK_ODS_D365_AssetTransaction_AssetTable_INCR"],
	"LINK_AssetTransaction_FinancialDimensionLink" : ["LNK_ODS_D365_AssetTransaction_FinancialDimensionLink_INCR"],
	"LINK_AssetTable_AssetGroup" : ["LNK_ODS_D365_AssetTable_AssetGroup_INCR"],
	"LINK_AssetTable_FinancialDimensionLink" : ["LNK_ODS_D365_AssetTable_FinancialDimensionLink_INCR"],
	"LINK_AssetBudget_AssetTable" : ["LNK_ODS_D365_AssetBudget_AssetTable_INCR"],
	"LINK_AssetBudget_FinancialDimensionFiscalTransactionLink" : ["LNK_ODS_D365_AssetBudget_FinancialDimensionFiscalTransactionLink_INCR"],
	"LINKSAT_ODS_D365_PurchaseRequestForQuoteHeader_PurchaseOrderHeader" : ["LKS_ODS_D365_PurchaseRequestForQuoteHeader_PurchaseOrderHeader_INCR"],
	"LINKSAT_ODS_D365_PurchaseRequestForQuoteHeader_Vendor" : ["LKS_ODS_D365_PurchaseRequestForQuoteHeader_Vendor_INCR"],
	"LINKSAT_ODS_D365_PurchaseRequestForQuoteLine_PurchaseRequestForQuoteHeader" : ["LKS_ODS_D365_PurchaseRequestForQuoteLine_PurchaseRequestForQuoteHeader_INCR"],
	"LINKSAT_ODS_D365_PurchaseRequestForQuoteLine_FinancialDimensionLink" : ["LKS_ODS_D365_PurchaseRequestForQuoteLine_FinancialDimensionLink_INCR"],
	"LINKSAT_ODS_D365_PurchaseRequisitionLine_PurchaseOrderHeader" : ["LKS_ODS_D365_PurchaseRequisitionLine_PurchaseOrderHeader_INCR"],
	"LINKSAT_ODS_D365_PurchaseRequisitionLine_FinancialDimensionLink" : ["LKS_ODS_D365_PurchaseRequisitionLine_FinancialDimensionLink_INCR"],
	"LINKSAT_ODS_D365_PurchaseRequisitionLine_PurchaseRequisitionHeader" : ["LKS_ODS_D365_PurchaseRequisitionLine_PurchaseRequisitionHeader_INCR"],
	"LINKSAT_ODS_D365_PurchaseOrderLine_AssetGroup" : ["LKS_ODS_D365_PurchaseOrderLine_AssetGroup_INCR"],
	"LINKSAT_ODS_D365_PurchaseOrderLine_PurchaseOrderHeader" : ["LKS_ODS_D365_PurchaseOrderLine_PurchaseOrderHeader_INCR"],
	"LINKSAT_ODS_D365_GLMainAccount_GLMainAccountCategory" : ["LKS_ODS_D365_GLMainAccount_GLMainAccountCategory_INCR"],
	"LINKSAT_ODS_D365_GLMainAccount_ChartOfAccounts" : ["LKS_ODS_D365_GLMainAccount_ChartOfAccounts_INCR"],
	"LINKSAT_ODS_D365_GLTransactionHeader_FiscalYear" : ["LKS_ODS_D365_GLTransactionHeader_FiscalYear_INCR"],
	"LINKSAT_ODS_D365_GLTransactionHeader_FiscalPeriod" : ["LKS_ODS_D365_GLTransactionHeader_FiscalPeriod_INCR"],
	"LINKSAT_ODS_D365_GLTransactionLine_FinancialDimensionFiscalTransactionLink" : ["LKS_ODS_D365_GLTransactionLine_FinancialDimensionFiscalTransactionLink_INCR"],
	"LINKSAT_ODS_D365_GLTransactionLine_GLMainAccount" : ["LKS_ODS_D365_GLTransactionLine_GLMainAccount_INCR"],
	"LINKSAT_ODS_D365_GLTransactionLine_GLTransactionHeader" : ["LKS_ODS_D365_GLTransactionLine_GLTransactionHeader_INCR"],
	"LINKSAT_ODS_D365_FiscalYear_FiscalCalendar" : ["LKS_ODS_D365_FiscalYear_FiscalCalendar_INCR"],
	"LINKSAT_ODS_D365_FiscalPeriod_FiscalCalendar" : ["LKS_ODS_D365_FiscalPeriod_FiscalCalendar_INCR"],
	"LINKSAT_ODS_D365_FinancialDimensionFiscalTransactionLink_GLMainAccount" : ["LKS_ODS_D365_FinancialDimensionFiscalTransactionLink_GLMainAccount_INCR"],
	"LINKSAT_ODS_D365_FinancialDimensionValue_Party" : ["LKS_ODS_D365_FinancialDimensionValue_Party_INCR"],
	"LINKSAT_ODS_D365_FinancialDimensionValue_FinancialDimension" : ["LKS_ODS_D365_FinancialDimensionValue_FinancialDimension_INCR"],
	"LINKSAT_ODS_D365_Customer_FinancialDimensionLink" : ["LKS_ODS_D365_Customer_FinancialDimensionLink_INCR"],
	"LINKSAT_ODS_D365_Customer_Party" : ["LKS_ODS_D365_Customer_Party_INCR"],
	"LINKSAT_ODS_D365_CustomerInvoiceLine_CustomerInvoiceHeader" : ["LKS_ODS_D365_CustomerInvoiceLine_CustomerInvoiceHeader_INCR"],
	"LINKSAT_ODS_D365_CustomerInvoiceLine_FinancialDimensionLink" : ["LKS_ODS_D365_CustomerInvoiceLine_FinancialDimensionLink_INCR"],
	"LINKSAT_ODS_D365_CustomerInvoiceHeader_Customer" : ["LKS_ODS_D365_CustomerInvoiceHeader_Customer_INCR"],
	"LINKSAT_ODS_D365_ContactPerson_Party" : ["LKS_ODS_D365_ContactPerson_Party_INCR"],
	"LINKSAT_ODS_D365_BudgetTransactionLine_FinancialDimensionFiscalTransactionLink" : ["LKS_ODS_D365_BudgetTransactionLine_FinancialDimensionFiscalTransactionLink_INCR"],
	"LINKSAT_ODS_D365_BudgetTransactionLine_AssetBudget" : ["LKS_ODS_D365_BudgetTransactionLine_AssetBudget_INCR"],
	"LINKSAT_ODS_D365_BudgetTransactionLine_GLTransactionHeader" : ["LKS_ODS_D365_BudgetTransactionLine_GLTransactionHeader_INCR"],
	"LINKSAT_ODS_D365_BudgetTransactionLine_BudgetTransactionHeader" : ["LKS_ODS_D365_BudgetTransactionLine_BudgetTransactionHeader_INCR"],
	"LINKSAT_ODS_D365_BudgetTransactionHeader_GLLedger" : ["LKS_ODS_D365_BudgetTransactionHeader_GLLedger_INCR"],
	"LINKSAT_ODS_D365_AssetTransaction_AssetTable" : ["LKS_ODS_D365_AssetTransaction_AssetTable_INCR"],
	"LINKSAT_ODS_D365_AssetTransaction_FinancialDimensionLink" : ["LKS_ODS_D365_AssetTransaction_FinancialDimensionLink_INCR"],
	"LINKSAT_ODS_D365_AssetTable_AssetGroup" : ["LKS_ODS_D365_AssetTable_AssetGroup_INCR"],
	"LINKSAT_ODS_D365_AssetTable_FinancialDimensionLink" : ["LKS_ODS_D365_AssetTable_FinancialDimensionLink_INCR"],
	"LINKSAT_ODS_D365_AssetBudget_AssetTable" : ["LKS_ODS_D365_AssetBudget_AssetTable_INCR"],
	"LINKSAT_ODS_D365_AssetBudget_FinancialDimensionFiscalTransactionLink" : ["LKS_ODS_D365_AssetBudget_FinancialDimensionFiscalTransactionLink_INCR"],
	"LINKSAT_ODS_D365_GLLedger_ChartOfAccounts" : ["LKS_ODS_D365_GLLedger_ChartOfAccounts_INCR"],
	"LINKSAT_ODS_D365_GLLedger_FiscalCalendar" : ["LKS_ODS_D365_GLLedger_FiscalCalendar_INCR"],
	"LINKSAT_ODS_D365_WorkFlowInstanceAction_WorkFlowInstance" : ["LKS_ODS_D365_WorkFlowInstanceAction_WorkFlowInstance_INCR"],
	"LINKSAT_ODS_D365_WorkFlowInstance_WorkFlow" : ["LKS_ODS_D365_WorkFlowInstance_WorkFlow_INCR"],
	"LINKSAT_ODS_D365_WorkFlowInstance_SourceDocumentLink" : ["LKS_ODS_D365_WorkFlowInstance_SourceDocumentLink_INCR"],
	"LINKSAT_ODS_D365_VendorTransaction_Vendor" : ["LKS_ODS_D365_VendorTransaction_Vendor_INCR"],
	"LINKSAT_ODS_D365_VendorTransaction_FinancialDimensionLink" : ["LKS_ODS_D365_VendorTransaction_FinancialDimensionLink_INCR"],
	"LINKSAT_ODS_D365_Vendor_Party" : ["LKS_ODS_D365_Vendor_Party_INCR"],
	"LINKSAT_ODS_D365_VendorSettlement_VendorTransaction" : ["LKS_ODS_D365_VendorSettlement_VendorTransaction_INCR"],
	"LINKSAT_ODS_D365_VendorPackingSlipLine_VendorPackingSlipHeader" : ["LKS_ODS_D365_VendorPackingSlipLine_VendorPackingSlipHeader_INCR"],
	"LINKSAT_ODS_D365_VendorPackingSlipLine_FinancialDimensionLink" : ["LKS_ODS_D365_VendorPackingSlipLine_FinancialDimensionLink_INCR"],
	"LINKSAT_ODS_D365_VendorPackingSlipHeader_PurchaseOrderHeader" : ["LKS_ODS_D365_VendorPackingSlipHeader_PurchaseOrderHeader_INCR"],
	"LINKSAT_ODS_D365_VendorPackingSlipHeader_Vendor" : ["LKS_ODS_D365_VendorPackingSlipHeader_Vendor_INCR"],
	"LINKSAT_ODS_D365_VendorInvoiceLine_VendorInvoiceHeader" : ["LKS_ODS_D365_VendorInvoiceLine_VendorInvoiceHeader_INCR"],
	"LINKSAT_ODS_D365_VendorInvoiceLine_FinancialDimensionLink" : ["LKS_ODS_D365_VendorInvoiceLine_FinancialDimensionLink_INCR"],
	"LINKSAT_ODS_D365_VendorInvoiceHeader_PurchaseOrderHeader" : ["LKS_ODS_D365_VendorInvoiceHeader_PurchaseOrderHeader_INCR"],
	"LINKSAT_ODS_D365_VendorInvoiceHeader_Vendor" : ["LKS_ODS_D365_VendorInvoiceHeader_Vendor_INCR"],
	"LINKSAT_ODS_D365_PurchaseOrderHeader_Vendor" : ["LKS_ODS_D365_PurchaseOrderHeader_Vendor_INCR"],
	"LINKSAT_ODS_D365_PurchaseOrderHeader_FinancialDimensionLink" : ["LKS_ODS_D365_PurchaseOrderHeader_FinancialDimensionLink_INCR"],
	"LINKSAT_ODS_D365_PurchaseOrderHeader_SourceDocumentLink" : ["LKS_ODS_D365_PurchaseOrderHeader_SourceDocumentLink_INCR"],
	"M2M_PartyLocationLink" : ["LND_ODS_D365_PartyLocationLink_INCR"],
	"M2M_FinancialDimensionValuesCombination" : ["LND_ODS_D365_FinancialDimensionValuesCombination_INCR"],
	"M2M_FinancialDimensionFiscalGroupCombination" : ["LND_ODS_D365_FinancialDimensionFiscalGroupCombination_INCR"],
	"M2M_FinancialDimensionFiscalValuesCombination" : ["LND_ODS_D365_FinancialDimensionFiscalValuesCombination_INCR"],
	"M2MSAT_ODS_D365_PartyLocationLink" : ["LDS_ODS_D365_PartyLocationLink_INCR"],
	"M2MSAT_ODS_D365_FinancialDimensionValuesCombination" : ["LDS_ODS_D365_FinancialDimensionValuesCombination_INCR"],
	"M2MSAT_ODS_D365_FinancialDimensionFiscalGroupCombination" : ["LDS_ODS_D365_FinancialDimensionFiscalGroupCombination_INCR"],
	"M2MSAT_ODS_D365_FinancialDimensionFiscalValuesCombination" : ["LDS_ODS_D365_FinancialDimensionFiscalValuesCombination_INCR"]
}
