{
	"EXT_ODS_D365_AssetBudget_INCR" : ["fmc_mtd"],
	"EXT_ODS_D365_AssetGroup_INCR" : ["fmc_mtd"],
	"EXT_ODS_D365_AssetTable_INCR" : ["fmc_mtd"],
	"EXT_ODS_D365_AssetTransaction_INCR" : ["fmc_mtd"],
	"EXT_ODS_D365_BudgetTransactionHeader_INCR" : ["fmc_mtd"],
	"EXT_ODS_D365_BudgetTransactionLine_INCR" : ["fmc_mtd"],
	"EXT_ODS_D365_ChartOfAccounts_INCR" : ["fmc_mtd"],
	"EXT_ODS_D365_ContactPerson_INCR" : ["fmc_mtd"],
	"EXT_ODS_D365_Customer_INCR" : ["fmc_mtd"],
	"EXT_ODS_D365_CustomerInvoiceHeader_INCR" : ["fmc_mtd"],
	"EXT_ODS_D365_CustomerInvoiceLine_INCR" : ["fmc_mtd"],
	"EXT_ODS_D365_FinancialDimension_INCR" : ["fmc_mtd"],
	"EXT_ODS_D365_FinancialDimensionDescription_INCR" : ["fmc_mtd"],
	"EXT_ODS_D365_FinancialDimensionFiscalGroup_INCR" : ["fmc_mtd"],
	"EXT_ODS_D365_FinancialDimensionFiscalGroupCombination_INCR" : ["fmc_mtd"],
	"EXT_ODS_D365_FinancialDimensionFiscalTransactionLink_INCR" : ["fmc_mtd"],
	"EXT_ODS_D365_FinancialDimensionFiscalValuesCombination_INCR" : ["fmc_mtd"],
	"EXT_ODS_D365_FinancialDimensionLink_INCR" : ["fmc_mtd"],
	"EXT_ODS_D365_FinancialDimensionValue_INCR" : ["fmc_mtd"],
	"EXT_ODS_D365_FinancialDimensionValuesCombination_INCR" : ["fmc_mtd"],
	"EXT_ODS_D365_FiscalCalendar_INCR" : ["fmc_mtd"],
	"EXT_ODS_D365_FiscalPeriod_INCR" : ["fmc_mtd"],
	"EXT_ODS_D365_FiscalYear_INCR" : ["fmc_mtd"],
	"EXT_ODS_D365_GLLedger_INCR" : ["fmc_mtd"],
	"EXT_ODS_D365_GLMainAccount_INCR" : ["fmc_mtd"],
	"EXT_ODS_D365_GLMainAccountCategory_INCR" : ["fmc_mtd"],
	"EXT_ODS_D365_GLTransactionHeader_INCR" : ["fmc_mtd"],
	"EXT_ODS_D365_GLTransactionLine_INCR" : ["fmc_mtd"],
	"EXT_ODS_D365_Party_INCR" : ["fmc_mtd"],
	"EXT_ODS_D365_PartyElectronicAddress_INCR" : ["fmc_mtd"],
	"EXT_ODS_D365_PartyLocationDetail_INCR" : ["fmc_mtd"],
	"EXT_ODS_D365_PartyLocationLink_INCR" : ["fmc_mtd"],
	"EXT_ODS_D365_PartyPostalAddress_INCR" : ["fmc_mtd"],
	"EXT_ODS_D365_PurchaseOrderHeader_INCR" : ["fmc_mtd"],
	"EXT_ODS_D365_PurchaseOrderLine_INCR" : ["fmc_mtd"],
	"EXT_ODS_D365_PurchaseRequestForQuoteHeader_INCR" : ["fmc_mtd"],
	"EXT_ODS_D365_PurchaseRequestForQuoteLine_INCR" : ["fmc_mtd"],
	"EXT_ODS_D365_PurchaseRequisitionHeader_INCR" : ["fmc_mtd"],
	"EXT_ODS_D365_PurchaseRequisitionLine_INCR" : ["fmc_mtd"],
	"EXT_ODS_D365_SourceDocumentLink_INCR" : ["fmc_mtd"],
	"EXT_ODS_D365_Vendor_INCR" : ["fmc_mtd"],
	"EXT_ODS_D365_VendorInvoiceHeader_INCR" : ["fmc_mtd"],
	"EXT_ODS_D365_VendorInvoiceLine_INCR" : ["fmc_mtd"],
	"EXT_ODS_D365_VendorPackingSlipHeader_INCR" : ["fmc_mtd"],
	"EXT_ODS_D365_VendorPackingSlipLine_INCR" : ["fmc_mtd"],
	"EXT_ODS_D365_VendorSettlement_INCR" : ["fmc_mtd"],
	"EXT_ODS_D365_VendorTransaction_INCR" : ["fmc_mtd"],
	"EXT_ODS_D365_WorkFlow_INCR" : ["fmc_mtd"],
	"EXT_ODS_D365_WorkFlowInstance_INCR" : ["fmc_mtd"],
	"EXT_ODS_D365_WorkFlowInstanceAction_INCR" : ["fmc_mtd"],
	"EXT_ODS_D365_WorkFlowInstanceActionComment_INCR" : ["fmc_mtd"],
	"STG_ODS_D365_AssetBudget_INCR" : ["EXT_ODS_D365_AssetBudget_INCR", "EXT_ODS_D365_FinancialDimensionFiscalTransactionLink_INCR"],
	"STG_ODS_D365_AssetGroup_INCR" : ["EXT_ODS_D365_AssetGroup_INCR"],
	"STG_ODS_D365_AssetTable_INCR" : ["EXT_ODS_D365_AssetTable_INCR"],
	"STG_ODS_D365_AssetTransaction_INCR" : ["EXT_ODS_D365_AssetTransaction_INCR"],
	"STG_ODS_D365_BudgetTransactionHeader_INCR" : ["EXT_ODS_D365_BudgetTransactionHeader_INCR", "EXT_ODS_D365_GLLedger_INCR"],
	"STG_ODS_D365_BudgetTransactionLine_INCR" : ["EXT_ODS_D365_BudgetTransactionLine_INCR", "EXT_ODS_D365_AssetBudget_INCR", "EXT_ODS_D365_BudgetTransactionHeader_INCR", "EXT_ODS_D365_FinancialDimensionFiscalTransactionLink_INCR", "EXT_ODS_D365_GLTransactionHeader_INCR"],
	"STG_ODS_D365_ChartOfAccounts_INCR" : ["EXT_ODS_D365_ChartOfAccounts_INCR"],
	"STG_ODS_D365_ContactPerson_INCR" : ["EXT_ODS_D365_ContactPerson_INCR", "EXT_ODS_D365_Party_INCR"],
	"STG_ODS_D365_Customer_INCR" : ["EXT_ODS_D365_Customer_INCR", "EXT_ODS_D365_Party_INCR"],
	"STG_ODS_D365_CustomerInvoiceHeader_INCR" : ["EXT_ODS_D365_CustomerInvoiceHeader_INCR"],
	"STG_ODS_D365_CustomerInvoiceLine_INCR" : ["EXT_ODS_D365_CustomerInvoiceLine_INCR"],
	"STG_ODS_D365_FinancialDimension_INCR" : ["EXT_ODS_D365_FinancialDimension_INCR"],
	"STG_ODS_D365_FinancialDimensionDescription_INCR" : ["EXT_ODS_D365_FinancialDimensionDescription_INCR"],
	"STG_ODS_D365_FinancialDimensionFiscalGroup_INCR" : ["EXT_ODS_D365_FinancialDimensionFiscalGroup_INCR"],
	"STG_ODS_D365_FinancialDimensionFiscalTransactionLink_INCR" : ["EXT_ODS_D365_FinancialDimensionFiscalTransactionLink_INCR", "EXT_ODS_D365_GLMainAccount_INCR"],
	"STG_ODS_D365_FinancialDimensionLink_INCR" : ["EXT_ODS_D365_FinancialDimensionLink_INCR"],
	"STG_ODS_D365_FinancialDimensionValue_INCR" : ["EXT_ODS_D365_FinancialDimensionValue_INCR", "EXT_ODS_D365_FinancialDimension_INCR", "EXT_ODS_D365_Party_INCR"],
	"STG_ODS_D365_FiscalCalendar_INCR" : ["EXT_ODS_D365_FiscalCalendar_INCR"],
	"STG_ODS_D365_FiscalPeriod_INCR" : ["EXT_ODS_D365_FiscalPeriod_INCR", "EXT_ODS_D365_FiscalCalendar_INCR"],
	"STG_ODS_D365_FiscalYear_INCR" : ["EXT_ODS_D365_FiscalYear_INCR", "EXT_ODS_D365_FiscalCalendar_INCR"],
	"STG_ODS_D365_GLLedger_INCR" : ["EXT_ODS_D365_GLLedger_INCR", "EXT_ODS_D365_ChartOfAccounts_INCR", "EXT_ODS_D365_FiscalCalendar_INCR"],
	"STG_ODS_D365_GLMainAccount_INCR" : ["EXT_ODS_D365_GLMainAccount_INCR", "EXT_ODS_D365_ChartOfAccounts_INCR", "EXT_ODS_D365_GLMainAccountCategory_INCR"],
	"STG_ODS_D365_GLMainAccountCategory_INCR" : ["EXT_ODS_D365_GLMainAccountCategory_INCR"],
	"STG_ODS_D365_GLTransactionHeader_INCR" : ["EXT_ODS_D365_GLTransactionHeader_INCR", "EXT_ODS_D365_FiscalPeriod_INCR", "EXT_ODS_D365_FiscalYear_INCR"],
	"STG_ODS_D365_GLTransactionLine_INCR" : ["EXT_ODS_D365_GLTransactionLine_INCR", "EXT_ODS_D365_FinancialDimensionFiscalTransactionLink_INCR", "EXT_ODS_D365_GLMainAccount_INCR", "EXT_ODS_D365_GLTransactionHeader_INCR"],
	"STG_ODS_D365_Party_INCR" : ["EXT_ODS_D365_Party_INCR"],
	"STG_ODS_D365_PartyElectronicAddress_INCR" : ["EXT_ODS_D365_PartyElectronicAddress_INCR", "EXT_ODS_D365_PartyLocationDetail_INCR"],
	"STG_ODS_D365_PartyLocationDetail_INCR" : ["EXT_ODS_D365_PartyLocationDetail_INCR"],
	"STG_ODS_D365_PartyPostalAddress_INCR" : ["EXT_ODS_D365_PartyPostalAddress_INCR", "EXT_ODS_D365_PartyLocationDetail_INCR"],
	"STG_ODS_D365_PurchaseOrderHeader_INCR" : ["EXT_ODS_D365_PurchaseOrderHeader_INCR"],
	"STG_ODS_D365_PurchaseOrderLine_INCR" : ["EXT_ODS_D365_PurchaseOrderLine_INCR"],
	"STG_ODS_D365_PurchaseRequestForQuoteHeader_INCR" : ["EXT_ODS_D365_PurchaseRequestForQuoteHeader_INCR"],
	"STG_ODS_D365_PurchaseRequestForQuoteLine_INCR" : ["EXT_ODS_D365_PurchaseRequestForQuoteLine_INCR"],
	"STG_ODS_D365_PurchaseRequisitionHeader_INCR" : ["EXT_ODS_D365_PurchaseRequisitionHeader_INCR"],
	"STG_ODS_D365_PurchaseRequisitionLine_INCR" : ["EXT_ODS_D365_PurchaseRequisitionLine_INCR", "EXT_ODS_D365_PurchaseRequisitionHeader_INCR"],
	"STG_ODS_D365_SourceDocumentLink_INCR" : ["EXT_ODS_D365_SourceDocumentLink_INCR"],
	"STG_ODS_D365_Vendor_INCR" : ["EXT_ODS_D365_Vendor_INCR", "EXT_ODS_D365_Party_INCR"],
	"STG_ODS_D365_VendorInvoiceHeader_INCR" : ["EXT_ODS_D365_VendorInvoiceHeader_INCR"],
	"STG_ODS_D365_VendorInvoiceLine_INCR" : ["EXT_ODS_D365_VendorInvoiceLine_INCR"],
	"STG_ODS_D365_VendorPackingSlipHeader_INCR" : ["EXT_ODS_D365_VendorPackingSlipHeader_INCR"],
	"STG_ODS_D365_VendorPackingSlipLine_INCR" : ["EXT_ODS_D365_VendorPackingSlipLine_INCR", "EXT_ODS_D365_VendorPackingSlipHeader_INCR"],
	"STG_ODS_D365_VendorSettlement_INCR" : ["EXT_ODS_D365_VendorSettlement_INCR", "EXT_ODS_D365_VendorTransaction_INCR"],
	"STG_ODS_D365_VendorTransaction_INCR" : ["EXT_ODS_D365_VendorTransaction_INCR"],
	"STG_ODS_D365_WorkFlow_INCR" : ["EXT_ODS_D365_WorkFlow_INCR"],
	"STG_ODS_D365_WorkFlowInstance_INCR" : ["EXT_ODS_D365_WorkFlowInstance_INCR", "EXT_ODS_D365_WorkFlow_INCR"],
	"STG_ODS_D365_WorkFlowInstanceAction_INCR" : ["EXT_ODS_D365_WorkFlowInstanceAction_INCR", "EXT_ODS_D365_WorkFlowInstance_INCR"],
	"STG_ODS_D365_WorkFlowInstanceActionComment_INCR" : ["EXT_ODS_D365_WorkFlowInstanceActionComment_INCR", "EXT_ODS_D365_WorkFlowInstanceAction_INCR"],
	"STG_DL_ODS_D365_FinancialDimensionFiscalGroupCombination_INCR" : ["EXT_ODS_D365_FinancialDimensionFiscalGroupCombination_INCR", "EXT_ODS_D365_FinancialDimensionFiscalTransactionLink_INCR"],
	"STG_DL_ODS_D365_FinancialDimensionFiscalValuesCombination_INCR" : ["EXT_ODS_D365_FinancialDimensionFiscalValuesCombination_INCR", "EXT_ODS_D365_FinancialDimensionValue_INCR"],
	"STG_DL_ODS_D365_FinancialDimensionValuesCombination_INCR" : ["EXT_ODS_D365_FinancialDimensionValuesCombination_INCR", "EXT_ODS_D365_FinancialDimensionValue_INCR"],
	"STG_DL_ODS_D365_PartyLocationLink_INCR" : ["EXT_ODS_D365_PartyLocationLink_INCR", "EXT_ODS_D365_Party_INCR", "EXT_ODS_D365_PartyLocationDetail_INCR"],
	"HUB_ODS_D365_AssetBudget_INCR" : ["STG_ODS_D365_AssetBudget_INCR"],
	"HUB_ODS_D365_AssetGroup_INCR" : ["STG_ODS_D365_AssetGroup_INCR"],
	"HUB_ODS_D365_AssetTable_INCR" : ["STG_ODS_D365_AssetTable_INCR"],
	"HUB_ODS_D365_AssetTransaction_INCR" : ["STG_ODS_D365_AssetTransaction_INCR"],
	"HUB_ODS_D365_BudgetTransactionHeader_INCR" : ["STG_ODS_D365_BudgetTransactionHeader_INCR"],
	"HUB_ODS_D365_BudgetTransactionLine_INCR" : ["STG_ODS_D365_BudgetTransactionLine_INCR"],
	"HUB_ODS_D365_ContactPerson_INCR" : ["STG_ODS_D365_ContactPerson_INCR"],
	"HUB_ODS_D365_CustomerInvoiceHeader_INCR" : ["STG_ODS_D365_CustomerInvoiceHeader_INCR"],
	"HUB_ODS_D365_CustomerInvoiceLine_INCR" : ["STG_ODS_D365_CustomerInvoiceLine_INCR"],
	"HUB_ODS_D365_Customer_INCR" : ["STG_ODS_D365_Customer_INCR"],
	"HUB_ODS_D365_FinancialDimensionValue_INCR" : ["STG_ODS_D365_FinancialDimensionValue_INCR"],
	"HUB_ODS_D365_FinancialDimension_INCR" : ["STG_ODS_D365_FinancialDimension_INCR"],
	"HUB_ODS_D365_FinancialDimensionFiscalTransactionLink_INCR" : ["STG_ODS_D365_FinancialDimensionFiscalTransactionLink_INCR"],
	"HUB_ODS_D365_FinancialDimensionFiscalGroup_INCR" : ["STG_ODS_D365_FinancialDimensionFiscalGroup_INCR"],
	"HUB_ODS_D365_FinancialDimensionLink_INCR" : ["STG_ODS_D365_FinancialDimensionLink_INCR"],
	"HUB_ODS_D365_FinancialDimensionDescription_INCR" : ["STG_ODS_D365_FinancialDimensionDescription_INCR"],
	"HUB_ODS_D365_Party_INCR" : ["STG_ODS_D365_Party_INCR"],
	"HUB_ODS_D365_FiscalPeriod_INCR" : ["STG_ODS_D365_FiscalPeriod_INCR"],
	"HUB_ODS_D365_FiscalCalendar_INCR" : ["STG_ODS_D365_FiscalCalendar_INCR"],
	"HUB_ODS_D365_FiscalYear_INCR" : ["STG_ODS_D365_FiscalYear_INCR"],
	"HUB_ODS_D365_GLTransactionLine_INCR" : ["STG_ODS_D365_GLTransactionLine_INCR"],
	"HUB_ODS_D365_GLTransactionHeader_INCR" : ["STG_ODS_D365_GLTransactionHeader_INCR"],
	"HUB_ODS_D365_ChartOfAccounts_INCR" : ["STG_ODS_D365_ChartOfAccounts_INCR"],
	"HUB_ODS_D365_PartyLocationDetail_INCR" : ["STG_ODS_D365_PartyLocationDetail_INCR"],
	"HUB_ODS_D365_GLMainAccountCategory_INCR" : ["STG_ODS_D365_GLMainAccountCategory_INCR"],
	"HUB_ODS_D365_GLMainAccount_INCR" : ["STG_ODS_D365_GLMainAccount_INCR"],
	"HUB_ODS_D365_PurchaseOrderLine_INCR" : ["STG_ODS_D365_PurchaseOrderLine_INCR"],
	"HUB_ODS_D365_PurchaseRequisitionLine_INCR" : ["STG_ODS_D365_PurchaseRequisitionLine_INCR"],
	"HUB_ODS_D365_PurchaseRequisitionHeader_INCR" : ["STG_ODS_D365_PurchaseRequisitionHeader_INCR"],
	"HUB_ODS_D365_PurchaseRequestForQuoteLine_INCR" : ["STG_ODS_D365_PurchaseRequestForQuoteLine_INCR"],
	"HUB_ODS_D365_PurchaseRequestForQuoteHeader_INCR" : ["STG_ODS_D365_PurchaseRequestForQuoteHeader_INCR"],
	"HUB_ODS_D365_PurchaseOrderHeader_INCR" : ["STG_ODS_D365_PurchaseOrderHeader_INCR"],
	"HUB_ODS_D365_SourceDocumentLink_INCR" : ["STG_ODS_D365_SourceDocumentLink_INCR"],
	"HUB_ODS_D365_VendorInvoiceHeader_INCR" : ["STG_ODS_D365_VendorInvoiceHeader_INCR"],
	"HUB_ODS_D365_VendorInvoiceLine_INCR" : ["STG_ODS_D365_VendorInvoiceLine_INCR"],
	"HUB_ODS_D365_VendorPackingSlipHeader_INCR" : ["STG_ODS_D365_VendorPackingSlipHeader_INCR"],
	"HUB_ODS_D365_VendorPackingSlipLine_INCR" : ["STG_ODS_D365_VendorPackingSlipLine_INCR"],
	"HUB_ODS_D365_VendorSettlement_INCR" : ["STG_ODS_D365_VendorSettlement_INCR"],
	"HUB_ODS_D365_Vendor_INCR" : ["STG_ODS_D365_Vendor_INCR"],
	"HUB_ODS_D365_VendorTransaction_INCR" : ["STG_ODS_D365_VendorTransaction_INCR"],
	"HUB_ODS_D365_WorkFlow_INCR" : ["STG_ODS_D365_WorkFlow_INCR"],
	"HUB_ODS_D365_WorkFlowInstance_INCR" : ["STG_ODS_D365_WorkFlowInstance_INCR"],
	"HUB_ODS_D365_WorkFlowInstanceAction_INCR" : ["STG_ODS_D365_WorkFlowInstanceAction_INCR"],
	"HUB_ODS_D365_GLLedger_INCR" : ["STG_ODS_D365_GLLedger_INCR"],
	"SAT_ODS_D365_AssetBudget_INCR" : ["STG_ODS_D365_AssetBudget_INCR"],
	"SAT_ODS_D365_AssetGroup_INCR" : ["STG_ODS_D365_AssetGroup_INCR"],
	"SAT_ODS_D365_AssetTable_INCR" : ["STG_ODS_D365_AssetTable_INCR"],
	"SAT_ODS_D365_AssetTransaction_INCR" : ["STG_ODS_D365_AssetTransaction_INCR"],
	"SAT_ODS_D365_BudgetTransactionHeader_INCR" : ["STG_ODS_D365_BudgetTransactionHeader_INCR"],
	"SAT_ODS_D365_BudgetTransactionLine_INCR" : ["STG_ODS_D365_BudgetTransactionLine_INCR"],
	"SAT_ODS_D365_ContactPerson_INCR" : ["STG_ODS_D365_ContactPerson_INCR"],
	"SAT_ODS_D365_CustomerInvoiceHeader_INCR" : ["STG_ODS_D365_CustomerInvoiceHeader_INCR"],
	"SAT_ODS_D365_CustomerInvoiceLine_INCR" : ["STG_ODS_D365_CustomerInvoiceLine_INCR"],
	"SAT_ODS_D365_Customer_INCR" : ["STG_ODS_D365_Customer_INCR"],
	"SAT_ODS_D365_FinancialDimensionValue_INCR" : ["STG_ODS_D365_FinancialDimensionValue_INCR"],
	"SAT_ODS_D365_FinancialDimension_INCR" : ["STG_ODS_D365_FinancialDimension_INCR"],
	"SAT_ODS_D365_FinancialDimensionFiscalTransactionLink_INCR" : ["STG_ODS_D365_FinancialDimensionFiscalTransactionLink_INCR"],
	"SAT_ODS_D365_FinancialDimensionFiscalGroup_INCR" : ["STG_ODS_D365_FinancialDimensionFiscalGroup_INCR"],
	"SAT_ODS_D365_FinancialDimensionLink_INCR" : ["STG_ODS_D365_FinancialDimensionLink_INCR"],
	"SAT_ODS_D365_FinancialDimensionDescription_INCR" : ["STG_ODS_D365_FinancialDimensionDescription_INCR"],
	"SAT_ODS_D365_Party_INCR" : ["STG_ODS_D365_Party_INCR"],
	"SAT_ODS_D365_FiscalPeriod_INCR" : ["STG_ODS_D365_FiscalPeriod_INCR"],
	"SAT_ODS_D365_FiscalCalendar_INCR" : ["STG_ODS_D365_FiscalCalendar_INCR"],
	"SAT_ODS_D365_FiscalYear_INCR" : ["STG_ODS_D365_FiscalYear_INCR"],
	"SAT_ODS_D365_GLTransactionLine_INCR" : ["STG_ODS_D365_GLTransactionLine_INCR"],
	"SAT_ODS_D365_GLTransactionHeader_INCR" : ["STG_ODS_D365_GLTransactionHeader_INCR"],
	"SAT_ODS_D365_ChartOfAccounts_INCR" : ["STG_ODS_D365_ChartOfAccounts_INCR"],
	"SAT_ODS_D365_PartyElectronicAddress_INCR" : ["STG_ODS_D365_PartyElectronicAddress_INCR"],
	"SAT_ODS_D365_PartyPostalAddress_INCR" : ["STG_ODS_D365_PartyPostalAddress_INCR"],
	"SAT_ODS_D365_PartyLocationDetail_INCR" : ["STG_ODS_D365_PartyLocationDetail_INCR"],
	"SAT_ODS_D365_GLMainAccountCategory_INCR" : ["STG_ODS_D365_GLMainAccountCategory_INCR"],
	"SAT_ODS_D365_GLMainAccount_INCR" : ["STG_ODS_D365_GLMainAccount_INCR"],
	"SAT_ODS_D365_PurchaseOrderLine_INCR" : ["STG_ODS_D365_PurchaseOrderLine_INCR"],
	"SAT_ODS_D365_PurchaseRequisitionLine_INCR" : ["STG_ODS_D365_PurchaseRequisitionLine_INCR"],
	"SAT_ODS_D365_PurchaseRequisitionHeader_INCR" : ["STG_ODS_D365_PurchaseRequisitionHeader_INCR"],
	"SAT_ODS_D365_PurchaseRequestForQuoteLine_INCR" : ["STG_ODS_D365_PurchaseRequestForQuoteLine_INCR"],
	"SAT_ODS_D365_PurchaseRequestForQuoteHeader_INCR" : ["STG_ODS_D365_PurchaseRequestForQuoteHeader_INCR"],
	"SAT_ODS_D365_PurchaseOrderHeader_INCR" : ["STG_ODS_D365_PurchaseOrderHeader_INCR"],
	"SAT_ODS_D365_SourceDocumentLink_INCR" : ["STG_ODS_D365_SourceDocumentLink_INCR"],
	"SAT_ODS_D365_VendorInvoiceHeader_INCR" : ["STG_ODS_D365_VendorInvoiceHeader_INCR"],
	"SAT_ODS_D365_VendorInvoiceLine_INCR" : ["STG_ODS_D365_VendorInvoiceLine_INCR"],
	"SAT_ODS_D365_VendorPackingSlipHeader_INCR" : ["STG_ODS_D365_VendorPackingSlipHeader_INCR"],
	"SAT_ODS_D365_VendorPackingSlipLine_INCR" : ["STG_ODS_D365_VendorPackingSlipLine_INCR"],
	"SAT_ODS_D365_VendorSettlement_INCR" : ["STG_ODS_D365_VendorSettlement_INCR"],
	"SAT_ODS_D365_Vendor_INCR" : ["STG_ODS_D365_Vendor_INCR"],
	"SAT_ODS_D365_VendorTransaction_INCR" : ["STG_ODS_D365_VendorTransaction_INCR"],
	"SAT_ODS_D365_WorkFlow_INCR" : ["STG_ODS_D365_WorkFlow_INCR"],
	"SAT_ODS_D365_WorkFlowInstance_INCR" : ["STG_ODS_D365_WorkFlowInstance_INCR"],
	"SAT_ODS_D365_WorkFlowInstanceActionComment_INCR" : ["STG_ODS_D365_WorkFlowInstanceActionComment_INCR"],
	"SAT_ODS_D365_WorkFlowInstanceAction_INCR" : ["STG_ODS_D365_WorkFlowInstanceAction_INCR"],
	"SAT_ODS_D365_GLLedger_INCR" : ["STG_ODS_D365_GLLedger_INCR"],
	"LNK_ODS_D365_GLLedger_ChartOfAccounts_INCR" : ["STG_ODS_D365_GLLedger_INCR"],
	"LNK_ODS_D365_GLLedger_FiscalCalendar_INCR" : ["STG_ODS_D365_GLLedger_INCR"],
	"LNK_ODS_D365_WorkFlowInstanceAction_WorkFlowInstance_INCR" : ["STG_ODS_D365_WorkFlowInstanceAction_INCR"],
	"LNK_ODS_D365_WorkFlowInstance_WorkFlow_INCR" : ["STG_ODS_D365_WorkFlowInstance_INCR"],
	"LNK_ODS_D365_WorkFlowInstance_SourceDocumentLink_INCR" : ["STG_ODS_D365_WorkFlowInstance_INCR"],
	"LNK_ODS_D365_VendorTransaction_Vendor_INCR" : ["STG_ODS_D365_VendorTransaction_INCR"],
	"LNK_ODS_D365_VendorTransaction_FinancialDimensionLink_INCR" : ["STG_ODS_D365_VendorTransaction_INCR"],
	"LNK_ODS_D365_Vendor_Party_INCR" : ["STG_ODS_D365_Vendor_INCR"],
	"LNK_ODS_D365_VendorSettlement_VendorTransaction_INCR" : ["STG_ODS_D365_VendorSettlement_INCR"],
	"LNK_ODS_D365_VendorPackingSlipLine_VendorPackingSlipHeader_INCR" : ["STG_ODS_D365_VendorPackingSlipLine_INCR"],
	"LNK_ODS_D365_VendorPackingSlipLine_FinancialDimensionLink_INCR" : ["STG_ODS_D365_VendorPackingSlipLine_INCR"],
	"LNK_ODS_D365_VendorPackingSlipHeader_PurchaseOrderHeader_INCR" : ["STG_ODS_D365_VendorPackingSlipHeader_INCR"],
	"LNK_ODS_D365_VendorPackingSlipHeader_Vendor_INCR" : ["STG_ODS_D365_VendorPackingSlipHeader_INCR"],
	"LNK_ODS_D365_VendorInvoiceLine_VendorInvoiceHeader_INCR" : ["STG_ODS_D365_VendorInvoiceLine_INCR"],
	"LNK_ODS_D365_VendorInvoiceLine_FinancialDimensionLink_INCR" : ["STG_ODS_D365_VendorInvoiceLine_INCR"],
	"LNK_ODS_D365_VendorInvoiceHeader_PurchaseOrderHeader_INCR" : ["STG_ODS_D365_VendorInvoiceHeader_INCR"],
	"LNK_ODS_D365_VendorInvoiceHeader_Vendor_INCR" : ["STG_ODS_D365_VendorInvoiceHeader_INCR"],
	"LNK_ODS_D365_PurchaseOrderHeader_Vendor_INCR" : ["STG_ODS_D365_PurchaseOrderHeader_INCR"],
	"LNK_ODS_D365_PurchaseOrderHeader_FinancialDimensionLink_INCR" : ["STG_ODS_D365_PurchaseOrderHeader_INCR"],
	"LNK_ODS_D365_PurchaseOrderHeader_SourceDocumentLink_INCR" : ["STG_ODS_D365_PurchaseOrderHeader_INCR"],
	"LNK_ODS_D365_PurchaseRequestForQuoteHeader_PurchaseOrderHeader_INCR" : ["STG_ODS_D365_PurchaseRequestForQuoteHeader_INCR"],
	"LNK_ODS_D365_PurchaseRequestForQuoteHeader_Vendor_INCR" : ["STG_ODS_D365_PurchaseRequestForQuoteHeader_INCR"],
	"LNK_ODS_D365_PurchaseRequestForQuoteLine_PurchaseRequestForQuoteHeader_INCR" : ["STG_ODS_D365_PurchaseRequestForQuoteLine_INCR"],
	"LNK_ODS_D365_PurchaseRequestForQuoteLine_FinancialDimensionLink_INCR" : ["STG_ODS_D365_PurchaseRequestForQuoteLine_INCR"],
	"LNK_ODS_D365_PurchaseRequisitionLine_PurchaseOrderHeader_INCR" : ["STG_ODS_D365_PurchaseRequisitionLine_INCR"],
	"LNK_ODS_D365_PurchaseRequisitionLine_FinancialDimensionLink_INCR" : ["STG_ODS_D365_PurchaseRequisitionLine_INCR"],
	"LNK_ODS_D365_PurchaseRequisitionLine_PurchaseRequisitionHeader_INCR" : ["STG_ODS_D365_PurchaseRequisitionLine_INCR"],
	"LNK_ODS_D365_PurchaseOrderLine_AssetGroup_INCR" : ["STG_ODS_D365_PurchaseOrderLine_INCR"],
	"LNK_ODS_D365_PurchaseOrderLine_PurchaseOrderHeader_INCR" : ["STG_ODS_D365_PurchaseOrderLine_INCR"],
	"LNK_ODS_D365_GLMainAccount_GLMainAccountCategory_INCR" : ["STG_ODS_D365_GLMainAccount_INCR"],
	"LNK_ODS_D365_GLMainAccount_ChartOfAccounts_INCR" : ["STG_ODS_D365_GLMainAccount_INCR"],
	"LNK_ODS_D365_GLTransactionHeader_FiscalYear_INCR" : ["STG_ODS_D365_GLTransactionHeader_INCR"],
	"LNK_ODS_D365_GLTransactionHeader_FiscalPeriod_INCR" : ["STG_ODS_D365_GLTransactionHeader_INCR"],
	"LNK_ODS_D365_GLTransactionLine_FinancialDimensionFiscalTransactionLink_INCR" : ["STG_ODS_D365_GLTransactionLine_INCR"],
	"LNK_ODS_D365_GLTransactionLine_GLMainAccount_INCR" : ["STG_ODS_D365_GLTransactionLine_INCR"],
	"LNK_ODS_D365_GLTransactionLine_GLTransactionHeader_INCR" : ["STG_ODS_D365_GLTransactionLine_INCR"],
	"LNK_ODS_D365_FiscalYear_FiscalCalendar_INCR" : ["STG_ODS_D365_FiscalYear_INCR"],
	"LNK_ODS_D365_FiscalPeriod_FiscalCalendar_INCR" : ["STG_ODS_D365_FiscalPeriod_INCR"],
	"LNK_ODS_D365_FinancialDimensionFiscalTransactionLink_GLMainAccount_INCR" : ["STG_ODS_D365_FinancialDimensionFiscalTransactionLink_INCR"],
	"LNK_ODS_D365_FinancialDimensionValue_Party_INCR" : ["STG_ODS_D365_FinancialDimensionValue_INCR"],
	"LNK_ODS_D365_FinancialDimensionValue_FinancialDimension_INCR" : ["STG_ODS_D365_FinancialDimensionValue_INCR"],
	"LNK_ODS_D365_Customer_FinancialDimensionLink_INCR" : ["STG_ODS_D365_Customer_INCR"],
	"LNK_ODS_D365_Customer_Party_INCR" : ["STG_ODS_D365_Customer_INCR"],
	"LNK_ODS_D365_CustomerInvoiceLine_CustomerInvoiceHeader_INCR" : ["STG_ODS_D365_CustomerInvoiceLine_INCR"],
	"LNK_ODS_D365_CustomerInvoiceLine_FinancialDimensionLink_INCR" : ["STG_ODS_D365_CustomerInvoiceLine_INCR"],
	"LNK_ODS_D365_CustomerInvoiceHeader_Customer_INCR" : ["STG_ODS_D365_CustomerInvoiceHeader_INCR"],
	"LNK_ODS_D365_ContactPerson_Party_INCR" : ["STG_ODS_D365_ContactPerson_INCR"],
	"LNK_ODS_D365_BudgetTransactionLine_FinancialDimensionFiscalTransactionLink_INCR" : ["STG_ODS_D365_BudgetTransactionLine_INCR"],
	"LNK_ODS_D365_BudgetTransactionLine_AssetBudget_INCR" : ["STG_ODS_D365_BudgetTransactionLine_INCR"],
	"LNK_ODS_D365_BudgetTransactionLine_GLTransactionHeader_INCR" : ["STG_ODS_D365_BudgetTransactionLine_INCR"],
	"LNK_ODS_D365_BudgetTransactionLine_BudgetTransactionHeader_INCR" : ["STG_ODS_D365_BudgetTransactionLine_INCR"],
	"LNK_ODS_D365_BudgetTransactionHeader_GLLedger_INCR" : ["STG_ODS_D365_BudgetTransactionHeader_INCR"],
	"LNK_ODS_D365_AssetTransaction_AssetTable_INCR" : ["STG_ODS_D365_AssetTransaction_INCR"],
	"LNK_ODS_D365_AssetTransaction_FinancialDimensionLink_INCR" : ["STG_ODS_D365_AssetTransaction_INCR"],
	"LNK_ODS_D365_AssetTable_AssetGroup_INCR" : ["STG_ODS_D365_AssetTable_INCR"],
	"LNK_ODS_D365_AssetTable_FinancialDimensionLink_INCR" : ["STG_ODS_D365_AssetTable_INCR"],
	"LNK_ODS_D365_AssetBudget_AssetTable_INCR" : ["STG_ODS_D365_AssetBudget_INCR"],
	"LNK_ODS_D365_AssetBudget_FinancialDimensionFiscalTransactionLink_INCR" : ["STG_ODS_D365_AssetBudget_INCR"],
	"LKS_ODS_D365_PurchaseRequestForQuoteHeader_PurchaseOrderHeader_INCR" : ["STG_ODS_D365_PurchaseRequestForQuoteHeader_INCR"],
	"LKS_ODS_D365_PurchaseRequestForQuoteHeader_Vendor_INCR" : ["STG_ODS_D365_PurchaseRequestForQuoteHeader_INCR"],
	"LKS_ODS_D365_PurchaseRequestForQuoteLine_PurchaseRequestForQuoteHeader_INCR" : ["STG_ODS_D365_PurchaseRequestForQuoteLine_INCR"],
	"LKS_ODS_D365_PurchaseRequestForQuoteLine_FinancialDimensionLink_INCR" : ["STG_ODS_D365_PurchaseRequestForQuoteLine_INCR"],
	"LKS_ODS_D365_PurchaseRequisitionLine_PurchaseOrderHeader_INCR" : ["STG_ODS_D365_PurchaseRequisitionLine_INCR"],
	"LKS_ODS_D365_PurchaseRequisitionLine_FinancialDimensionLink_INCR" : ["STG_ODS_D365_PurchaseRequisitionLine_INCR"],
	"LKS_ODS_D365_PurchaseRequisitionLine_PurchaseRequisitionHeader_INCR" : ["STG_ODS_D365_PurchaseRequisitionLine_INCR"],
	"LKS_ODS_D365_PurchaseOrderLine_AssetGroup_INCR" : ["STG_ODS_D365_PurchaseOrderLine_INCR"],
	"LKS_ODS_D365_PurchaseOrderLine_PurchaseOrderHeader_INCR" : ["STG_ODS_D365_PurchaseOrderLine_INCR"],
	"LKS_ODS_D365_GLMainAccount_GLMainAccountCategory_INCR" : ["STG_ODS_D365_GLMainAccount_INCR"],
	"LKS_ODS_D365_GLMainAccount_ChartOfAccounts_INCR" : ["STG_ODS_D365_GLMainAccount_INCR"],
	"LKS_ODS_D365_GLTransactionHeader_FiscalYear_INCR" : ["STG_ODS_D365_GLTransactionHeader_INCR"],
	"LKS_ODS_D365_GLTransactionHeader_FiscalPeriod_INCR" : ["STG_ODS_D365_GLTransactionHeader_INCR"],
	"LKS_ODS_D365_GLTransactionLine_FinancialDimensionFiscalTransactionLink_INCR" : ["STG_ODS_D365_GLTransactionLine_INCR"],
	"LKS_ODS_D365_GLTransactionLine_GLMainAccount_INCR" : ["STG_ODS_D365_GLTransactionLine_INCR"],
	"LKS_ODS_D365_GLTransactionLine_GLTransactionHeader_INCR" : ["STG_ODS_D365_GLTransactionLine_INCR"],
	"LKS_ODS_D365_FiscalYear_FiscalCalendar_INCR" : ["STG_ODS_D365_FiscalYear_INCR"],
	"LKS_ODS_D365_FiscalPeriod_FiscalCalendar_INCR" : ["STG_ODS_D365_FiscalPeriod_INCR"],
	"LKS_ODS_D365_FinancialDimensionFiscalTransactionLink_GLMainAccount_INCR" : ["STG_ODS_D365_FinancialDimensionFiscalTransactionLink_INCR"],
	"LKS_ODS_D365_FinancialDimensionValue_Party_INCR" : ["STG_ODS_D365_FinancialDimensionValue_INCR"],
	"LKS_ODS_D365_FinancialDimensionValue_FinancialDimension_INCR" : ["STG_ODS_D365_FinancialDimensionValue_INCR"],
	"LKS_ODS_D365_Customer_FinancialDimensionLink_INCR" : ["STG_ODS_D365_Customer_INCR"],
	"LKS_ODS_D365_Customer_Party_INCR" : ["STG_ODS_D365_Customer_INCR"],
	"LKS_ODS_D365_CustomerInvoiceLine_CustomerInvoiceHeader_INCR" : ["STG_ODS_D365_CustomerInvoiceLine_INCR"],
	"LKS_ODS_D365_CustomerInvoiceLine_FinancialDimensionLink_INCR" : ["STG_ODS_D365_CustomerInvoiceLine_INCR"],
	"LKS_ODS_D365_CustomerInvoiceHeader_Customer_INCR" : ["STG_ODS_D365_CustomerInvoiceHeader_INCR"],
	"LKS_ODS_D365_ContactPerson_Party_INCR" : ["STG_ODS_D365_ContactPerson_INCR"],
	"LKS_ODS_D365_BudgetTransactionLine_FinancialDimensionFiscalTransactionLink_INCR" : ["STG_ODS_D365_BudgetTransactionLine_INCR"],
	"LKS_ODS_D365_BudgetTransactionLine_AssetBudget_INCR" : ["STG_ODS_D365_BudgetTransactionLine_INCR"],
	"LKS_ODS_D365_BudgetTransactionLine_GLTransactionHeader_INCR" : ["STG_ODS_D365_BudgetTransactionLine_INCR"],
	"LKS_ODS_D365_BudgetTransactionLine_BudgetTransactionHeader_INCR" : ["STG_ODS_D365_BudgetTransactionLine_INCR"],
	"LKS_ODS_D365_BudgetTransactionHeader_GLLedger_INCR" : ["STG_ODS_D365_BudgetTransactionHeader_INCR"],
	"LKS_ODS_D365_AssetTransaction_AssetTable_INCR" : ["STG_ODS_D365_AssetTransaction_INCR"],
	"LKS_ODS_D365_AssetTransaction_FinancialDimensionLink_INCR" : ["STG_ODS_D365_AssetTransaction_INCR"],
	"LKS_ODS_D365_AssetTable_AssetGroup_INCR" : ["STG_ODS_D365_AssetTable_INCR"],
	"LKS_ODS_D365_AssetTable_FinancialDimensionLink_INCR" : ["STG_ODS_D365_AssetTable_INCR"],
	"LKS_ODS_D365_AssetBudget_AssetTable_INCR" : ["STG_ODS_D365_AssetBudget_INCR"],
	"LKS_ODS_D365_AssetBudget_FinancialDimensionFiscalTransactionLink_INCR" : ["STG_ODS_D365_AssetBudget_INCR"],
	"LKS_ODS_D365_GLLedger_ChartOfAccounts_INCR" : ["STG_ODS_D365_GLLedger_INCR"],
	"LKS_ODS_D365_GLLedger_FiscalCalendar_INCR" : ["STG_ODS_D365_GLLedger_INCR"],
	"LKS_ODS_D365_WorkFlowInstanceAction_WorkFlowInstance_INCR" : ["STG_ODS_D365_WorkFlowInstanceAction_INCR"],
	"LKS_ODS_D365_WorkFlowInstance_WorkFlow_INCR" : ["STG_ODS_D365_WorkFlowInstance_INCR"],
	"LKS_ODS_D365_WorkFlowInstance_SourceDocumentLink_INCR" : ["STG_ODS_D365_WorkFlowInstance_INCR"],
	"LKS_ODS_D365_VendorTransaction_Vendor_INCR" : ["STG_ODS_D365_VendorTransaction_INCR"],
	"LKS_ODS_D365_VendorTransaction_FinancialDimensionLink_INCR" : ["STG_ODS_D365_VendorTransaction_INCR"],
	"LKS_ODS_D365_Vendor_Party_INCR" : ["STG_ODS_D365_Vendor_INCR"],
	"LKS_ODS_D365_VendorSettlement_VendorTransaction_INCR" : ["STG_ODS_D365_VendorSettlement_INCR"],
	"LKS_ODS_D365_VendorPackingSlipLine_VendorPackingSlipHeader_INCR" : ["STG_ODS_D365_VendorPackingSlipLine_INCR"],
	"LKS_ODS_D365_VendorPackingSlipLine_FinancialDimensionLink_INCR" : ["STG_ODS_D365_VendorPackingSlipLine_INCR"],
	"LKS_ODS_D365_VendorPackingSlipHeader_PurchaseOrderHeader_INCR" : ["STG_ODS_D365_VendorPackingSlipHeader_INCR"],
	"LKS_ODS_D365_VendorPackingSlipHeader_Vendor_INCR" : ["STG_ODS_D365_VendorPackingSlipHeader_INCR"],
	"LKS_ODS_D365_VendorInvoiceLine_VendorInvoiceHeader_INCR" : ["STG_ODS_D365_VendorInvoiceLine_INCR"],
	"LKS_ODS_D365_VendorInvoiceLine_FinancialDimensionLink_INCR" : ["STG_ODS_D365_VendorInvoiceLine_INCR"],
	"LKS_ODS_D365_VendorInvoiceHeader_PurchaseOrderHeader_INCR" : ["STG_ODS_D365_VendorInvoiceHeader_INCR"],
	"LKS_ODS_D365_VendorInvoiceHeader_Vendor_INCR" : ["STG_ODS_D365_VendorInvoiceHeader_INCR"],
	"LKS_ODS_D365_PurchaseOrderHeader_Vendor_INCR" : ["STG_ODS_D365_PurchaseOrderHeader_INCR"],
	"LKS_ODS_D365_PurchaseOrderHeader_FinancialDimensionLink_INCR" : ["STG_ODS_D365_PurchaseOrderHeader_INCR"],
	"LKS_ODS_D365_PurchaseOrderHeader_SourceDocumentLink_INCR" : ["STG_ODS_D365_PurchaseOrderHeader_INCR"],
	"LND_ODS_D365_PartyLocationLink_INCR" : ["STG_DL_ODS_D365_PartyLocationLink_INCR"],
	"LND_ODS_D365_FinancialDimensionValuesCombination_INCR" : ["STG_DL_ODS_D365_FinancialDimensionValuesCombination_INCR"],
	"LND_ODS_D365_FinancialDimensionFiscalGroupCombination_INCR" : ["STG_DL_ODS_D365_FinancialDimensionFiscalGroupCombination_INCR"],
	"LND_ODS_D365_FinancialDimensionFiscalValuesCombination_INCR" : ["STG_DL_ODS_D365_FinancialDimensionFiscalValuesCombination_INCR"],
	"LDS_ODS_D365_PartyLocationLink_INCR" : ["STG_DL_ODS_D365_PartyLocationLink_INCR"],
	"LDS_ODS_D365_FinancialDimensionValuesCombination_INCR" : ["STG_DL_ODS_D365_FinancialDimensionValuesCombination_INCR"],
	"LDS_ODS_D365_FinancialDimensionFiscalGroupCombination_INCR" : ["STG_DL_ODS_D365_FinancialDimensionFiscalGroupCombination_INCR"],
	"LDS_ODS_D365_FinancialDimensionFiscalValuesCombination_INCR" : ["STG_DL_ODS_D365_FinancialDimensionFiscalValuesCombination_INCR"]
}
