[
  {
    "Id": "921234",
    "ThreadId": "397879",
    "Html": "\r\n<p>Why are these bad?</p>\r\n<p>&nbsp;</p>\r\n<p>thanks</p>\r\n<p>Chris</p>\r\n",
    "PostedDate": "2012-10-03T06:30:14.793-07:00",
    "UserRole": null,
    "MarkedAsAnswerDate": null
  },
  {
    "Id": "1002386",
    "ThreadId": "397879",
    "Html": "Hi Chris,\r<br />\n<br />\nSorry for the delay, didn't notice these discussions.\r<br />\n<br />\nIn-line comment are a smell because when you use sp_helptext to script out a procedure the line breaks are altered for line lined statements and comments.  This means that you will have to do a bit of manual work to reconstruct the procedure as it should be,\r<br />\n<br />\nMake any sense ?\r<br />\n<br />\nDave<br />\n",
    "PostedDate": "2013-02-17T02:45:07.07-08:00",
    "UserRole": null,
    "MarkedAsAnswerDate": null
  },
  {
    "Id": "1010008",
    "ThreadId": "397879",
    "Html": "Hi Dave Thanks for this. Gotcha thanks! Chris On 17/02/2013, daveballantyne &lt;<a href=\"mailto:&lt;notifications@codeplex.com&gt;\" rel=\"nofollow\">&lt;notifications@codeplex.com&gt;</a> wrote: &gt; From: daveballantyne &gt; &gt; Hi Chris, &gt; &gt; &gt; &gt; Sorry for the delay, didn't notice these discussions. &gt; &gt; &gt; &gt; In-line comment are a smell because\r<br />\n when you use sp_helptext to script out a &gt; procedure the line breaks are altered for line lined statements and &gt; comments. This means that you will have to do a bit of manual work to &gt; reconstruct the procedure as it should be, &gt; &gt; &gt; &gt; Make any sense ? &gt; &gt;\r<br />\n &gt; &gt; Dave &gt; &gt; &gt; &gt; <br />\n",
    "PostedDate": "2013-03-04T07:51:25.81-08:00",
    "UserRole": null,
    "MarkedAsAnswerDate": null
  }
]