[
  {
    "Id": "1492252",
    "ThreadId": "661167",
    "Html": "I have used this code for one of the tsql script for review it, but getting wrong syntax errors.  Do we have any update on the same and used powershell script for the same.  Find the below CLASS which I have used for parsing the tsql code files.\r<br />\n<br />\n$Parser = new-object Microsoft.SqlServer.TransactSql.ScriptDom.TSql110Parser($true) <br />\n",
    "PostedDate": "2017-02-05T23:03:32.86-08:00",
    "UserRole": null,
    "MarkedAsAnswerDate": null
  }
]