[
  {
    "Id": "927301",
    "ThreadId": "399564",
    "Html": "\r\n<p>Dave,</p>\r\n<p>The latest version is fabulous! Definitely something I'm going to Tweet about.</p>\r\n<p>Doug</p>\r\n",
    "PostedDate": "2012-10-16T05:03:28.217-07:00",
    "UserRole": null,
    "MarkedAsAnswerDate": null
  },
  {
    "Id": "927310",
    "ThreadId": "399564",
    "Html": "\r\n<p>OK - so I want to use it to evaluate my SQL stored procedures.</p>\r\n<p>So my base directory is C:\\TSQLT\\Parser. My stored procedures are in the subdirectory Mine eg C:\\TSQLT\\Parser\\Mine.</p>\r\n<p>I try .\\Mine,&nbsp;C:\\TSQLT\\Parser\\Mine - I get the following</p>\r\n<p>Get-Content : Access to the path 'C:\\' is denied.</p>\r\n<p>At C:\\tsqlt\\parser\\TSQLSmells.ps1:116 char:12</p>\r\n<p>&#43; &nbsp; &nbsp; $TextIn = Get-Content $FileName&#43; &nbsp; &nbsp; &nbsp; &nbsp; &nbsp; &nbsp; &nbsp; ~~~~~~~~~~~~~~~~~~~~~&nbsp; &nbsp; &#43; CategoryInfo &nbsp; &nbsp; &nbsp; &nbsp; &nbsp;: PermissionDenied: (C:\\:String) [Get-Content], UnauthorizedAccessException&nbsp;\r\n &nbsp;</p>\r\n<p>&#43; FullyQualifiedErrorId : GetContentReaderUnauthorizedAccessError,Microsoft.PowerShell.Commands.GetContentCommand</p>\r\n<p>Exception setting &quot;SelectedIndex&quot;: &quot;InvalidArgument=Value of '0' is not valid for 'SelectedIndex'.</p>\r\n<p>Parameter name: SelectedIndex&quot;</p>\r\n<p>At C:\\tsqlt\\parser\\TSQLSmells.ps1:131 char:2</p>\r\n<p>&#43; &nbsp; &nbsp; $SmellListBox.SelectedIndex =0</p>\r\n<p>&#43; &nbsp; &nbsp; ~~~~~~~~~~~~~~~~~~~~~~~~~~~~~~&nbsp; &nbsp;</p>\r\n<p>&#43; CategoryInfo &nbsp; &nbsp; &nbsp; &nbsp; &nbsp;: NotSpecified: (:) [], SetValueInvocationException&nbsp; &nbsp;</p>\r\n<p>&#43; FullyQualifiedErrorId : ExceptionWhenSetting</p>\r\n<p>Any ideas?</p>\r\n<p>Thanks,</p>\r\n<p>Doug</p>\r\n",
    "PostedDate": "2012-10-16T05:24:46.797-07:00",
    "UserRole": null,
    "MarkedAsAnswerDate": null
  },
  {
    "Id": "1002385",
    "ThreadId": "399564",
    "Html": "Hi Doug,<br />\n<br />\nThanks for the feedback , sorry for the delay , I didn't notice these :S<br />\nHope you have resolved your issues,  glad you like it <br />\n<br />\nDave<br />\n",
    "PostedDate": "2013-02-17T02:42:08.69-08:00",
    "UserRole": null,
    "MarkedAsAnswerDate": null
  }
]