[
  {
    "Id": "0",
    "Name": "POC 1.51",
    "DevelopmentStatus": "Beta",
    "Description": "POC 1.51\n\nFew bug fixes\nAdded better eror detection",
    "ReleasedDatge": "0001-01-01T00:00:00",
    "ModifiedDate": "2012-10-27T12:26:59.84-07:00",
    "Files": [
      {
        "Id": "0d2facc0-f7d8-4f87-bb49-2d9315ac9f36",
        "FileName": "TSQLSmells.zip",
        "Url": "./0/0d2facc0-f7d8-4f87-bb49-2d9315ac9f36",
        "Type": "Application",
        "UploadDate": "2012-10-27T12:26:59.467-07:00"
      }
    ]
  },
  {
    "Id": "1",
    "Name": "POC 1.50",
    "DevelopmentStatus": "Alpha",
    "Description": "Proof of concept 1.5",
    "ReleasedDatge": "0001-01-01T00:00:00",
    "ModifiedDate": "2012-10-14T04:03:41.68-07:00",
    "Files": [
      {
        "Id": "3a074432-59b4-428d-9eed-cb72ee80d0f8",
        "FileName": "TSQLSmells.zip",
        "Url": "./1/3a074432-59b4-428d-9eed-cb72ee80d0f8",
        "Type": "Application",
        "UploadDate": "2012-10-14T04:03:41.257-07:00"
      }
    ]
  },
  {
    "Id": "2",
    "Name": "POC 1.04",
    "DevelopmentStatus": "Alpha",
    "Description": "Proof of concept 1.04",
    "ReleasedDatge": "0001-01-01T00:00:00",
    "ModifiedDate": "2012-10-12T10:32:50.723-07:00",
    "Files": [
      {
        "Id": "35cdd1c0-e8e9-42e3-b4ab-b7eee2e9d95b",
        "FileName": "TSQLSmells.zip",
        "Url": "./2/35cdd1c0-e8e9-42e3-b4ab-b7eee2e9d95b",
        "Type": "Application",
        "UploadDate": "2012-10-12T10:21:31.523-07:00"
      }
    ]
  },
  {
    "Id": "3",
    "Name": "POC 1.03",
    "DevelopmentStatus": "Alpha",
    "Description": "Added\n\nWritable cursor detection\nProcedures without SET NOCOUNT ON",
    "ReleasedDatge": "0001-01-01T00:00:00",
    "ModifiedDate": "2012-09-09T10:31:42.323-07:00",
    "Files": [
      {
        "Id": "7b26182c-07b9-4008-95f9-3fb4588d1d44",
        "FileName": "TSQLSmells.zip",
        "Url": "./3/7b26182c-07b9-4008-95f9-3fb4588d1d44",
        "Type": "Application",
        "UploadDate": "2012-09-09T10:31:42.01-07:00"
      }
    ]
  },
  {
    "Id": "4",
    "Name": "POC 1.02",
    "DevelopmentStatus": "Alpha",
    "Description": "Added\n\nFileWhiteList\n\nCreation of views with order by clause\nCreation of tables not specifying schema",
    "ReleasedDatge": "0001-01-01T00:00:00",
    "ModifiedDate": "2012-09-05T08:42:53.723-07:00",
    "Files": [
      {
        "Id": "0450ecad-eded-4901-bcf7-5d5a149ea469",
        "FileName": "TSQLSmells.zip",
        "Url": "./4/0450ecad-eded-4901-bcf7-5d5a149ea469",
        "Type": "Application",
        "UploadDate": "2012-09-05T07:41:05.213-07:00"
      }
    ]
  },
  {
    "Id": "5",
    "Name": "POC 1.01",
    "DevelopmentStatus": "Alpha",
    "Description": "Proof of concept 1.01\n\nTSQLDomTest.ps1 and Errors.Txt are required",
    "ReleasedDatge": "0001-01-01T00:00:00",
    "ModifiedDate": "2012-09-03T04:28:02.37-07:00",
    "Files": [
      {
        "Id": "a37234d3-2fe3-467c-af8a-b29cd6d18b8a",
        "FileName": "TSQLDomTest.ps1",
        "Url": "./5/a37234d3-2fe3-467c-af8a-b29cd6d18b8a",
        "Type": "Source Code",
        "UploadDate": "2012-09-02T03:48:16.273-07:00"
      },
      {
        "Id": "1e6f2488-99a0-4b4d-84b6-f0bfdf8d1723",
        "FileName": "TestCases.zip",
        "Url": "./5/1e6f2488-99a0-4b4d-84b6-f0bfdf8d1723",
        "Type": "Example",
        "UploadDate": "2012-09-02T03:48:16.303-07:00"
      },
      {
        "Id": "21abd4df-aefa-48c2-ae00-46153113fe24",
        "FileName": "errors.txt",
        "Url": "./5/21abd4df-aefa-48c2-ae00-46153113fe24",
        "Type": "Application",
        "UploadDate": "2012-09-02T03:58:53.127-07:00"
      }
    ]
  },
  {
    "Id": "6",
    "Name": "POC 1.52",
    "DevelopmentStatus": "Alpha",
    "Description": "Added\n\nUnnamed table constraints.\nNamed table constraints in Temp/Var tables",
    "ReleasedDatge": "0001-01-01T00:00:00",
    "ModifiedDate": "2013-02-15T06:54:26.15-08:00",
    "Files": [
      {
        "Id": "c13b64fb-fbe5-4c5c-9bb5-9a5bb6439678",
        "FileName": "TSQLSmells.zip",
        "Url": "./6/c13b64fb-fbe5-4c5c-9bb5-9a5bb6439678",
        "Type": "Application",
        "UploadDate": "2013-02-15T06:54:25.713-08:00"
      }
    ]
  }
]