<?xml version="1.0"?>
<BCPFORMAT xmlns="http://schemas.microsoft.com/sqlserver/2004/bulkload/format" 
           xmlns:xsi="http://www.w3.org/2001/XMLSchema-instance">
  <RECORD>
    <FIELD ID="1" xsi:type="CharTerm" TERMINATOR=";"/> 
    <FIELD ID="2" xsi:type="CharTerm" TERMINATOR=";"/> 
    <FIELD ID="3" xsi:type="CharTerm" TERMINATOR="\r\n"/> 
  </RECORD>
  <ROW>
    <COLUMN SOURCE="1" NAME="a" xsi:type="SQLINT"      NULLABLE="NO"/>
    <COLUMN SOURCE="2" NAME="b" xsi:type="SQLFLT8"     NULLABLE="YES"/>
    <COLUMN SOURCE="3" NAME="c" xsi:type="SQLVARYCHAR" NULLABLE="NO"/>
  </ROW>
</BCPFORMAT>
