<?xml version="1.0"?>
<BCPFORMAT xmlns="http://schemas.microsoft.com/sqlserver/2004/bulkload/format" 
           xmlns:xsi="http://www.w3.org/2001/XMLSchema-instance">
  <RECORD>
    <FIELD ID="1" xsi:type="CharTerm" TERMINATOR=";"/> 
    <FIELD ID="2" xsi:type="CharTerm" TERMINATOR=";"/> 
    <FIELD ID="3" xsi:type="CharTerm" TERMINATOR=";"/> 
    <FIELD ID="4" xsi:type="CharTerm" TERMINATOR=";"/> 
    <FIELD ID="5" xsi:type="CharTerm" TERMINATOR=";"/> 
    <FIELD ID="6" xsi:type="CharTerm" TERMINATOR=";"/> 
    <FIELD ID="7" xsi:type="CharTerm" TERMINATOR="!\r\n"/> 
  </RECORD>
  <ROW>
    <COLUMN SOURCE="1" NAME="a" xsi:type="SQLINT"       NULLABLE="YES"/>
    <COLUMN SOURCE="2" NAME="b" xsi:type="SQLINT"       />
    <COLUMN SOURCE="3" NAME="c" xsi:type="SQLVARYCHAR"  NULLABLE="NO"/>
    <COLUMN SOURCE="4" NAME="d" xsi:type="SQLVARYCHAR"  NULLABLE="YES"/>
    <COLUMN SOURCE="5" NAME="e" xsi:type="SQLCHAR"      NULLABLE="NO"/>
    <COLUMN SOURCE="6" NAME="f" xsi:type="SQLDATETIME"  NULLABLE="YES"/>
    <COLUMN SOURCE="7" NAME="g" xsi:type="SQLDATETIME2" NULLABLE="YES"/>
  </ROW>
</BCPFORMAT>
